<queries>
	<query name="org.yourschool.gcsync.students" flattened="true">
		<summary>GC Sync</summary>
    	<description>GC Sync</description>
		<columns>
			<column column="students.student_number">stu_number</column>
			<column column="students.first_name">stu_first</column>
			<column column="students.last_name">stu_last</column>
			<column column="students.first_name">stu_email</column>
			<column column="students.student_number">sec_id</column>
			<column column="students.first_name">sec_name</column>
			<column column="students.student_number">start_date</column>
			<column column="students.student_number">end_date</column>
			<column column="students.first_name">teacher_last</column>
			<column column="students.student_number">teacher_number</column>
			<column column="students.student_number">teacher_email</column>
			<column column="students.student_number">school_id</column>
		</columns>
		<sql>
			<![CDATA[
				select
						students.student_number as "stu_number",
						students.first_name as "stu_first",
						students.last_name as "stu_last",
						emailaddress.emailaddress as "stu_email",
						cc.sectionid as "sec_id",
						c.course_name as "sec_name",
						to_char(cc.dateenrolled,'MM/DD/YYYY') as "start_date",
						to_char(cc.dateleft,'MM/DD/YYYY') as "end_date",
						u.last_name as "teacher_last",
						u.teachernumber as "teacher_number",
						u.email_addr as "teacher_email",
						students.schoolid as "school_id"
						
					FROM
					
						cc cc
						join sections sections on cc.sectionid = sections.id
						join students students on cc.studentid = students.id
						join schoolstaff ss on sections.teacher = ss.id
						join users u on ss.users_dcid = u.dcid
						join courses c on cc.course_number = c.course_number
						
						LEFT JOIN personemailaddressassoc on personemailaddressassoc.personid = students.person_id
						LEFT JOIN emailaddress on emailaddress.emailaddressid = personemailaddressassoc.emailaddressid
						
					where
						cc.termid >= (SELECT TO_NUMBER(Value)*100 FROM Prefs WHERE Name = 'coursearchiveyear') and
						cc.schoolid IN (200,100) 
						and u.email_addr LIKE '%@yourschool.org'
						and c.excludefromstoredgrades = 0
			]]>
		</sql>
	</query>
</queries>